contract,max
30269645,2022-09-19
30269647,2022-09-19
30315819,
30514944,
30514945,
32045047,2026-06-15
32218770,2026-06-16
32230522,2024-09-03
32246034,2026-06-16
32246051,2024-08-19
32246069,2024-08-19
32252399,2026-06-16
32252459,2026-06-16
32252610,2026-06-16
32252652,2026-06-16
32347696,
32370128,2026-06-16
32370149,2026-06-16
32439211,2026-06-16
32439699,2026-06-16
32443258,2026-06-16
32443350,2026-06-16
32443441,2023-04-19
32443463,2026-06-16
32443484,2026-06-16
32443505,2026-06-16
32443528,2026-06-16
32443550,2026-06-16
32443568,2026-06-16
32443757,2026-06-17
32443882,2026-06-16
32446601,2026-06-16
32447164,2026-06-15
32616132,2026-06-16
